Failed, NCCL error src/gpu/AllReduceNCCL.cu:142 'unhandled system error (run with NCCL_DEBUG=INFO for details)'
Failed, NCCL error src/gpu/AllReduceNCCL.cu:142 'unhandled system error (run with NCCL_DEBUG=INFO for details)'
Failed, NCCL error src/gpu/AllReduceNCCL.cu:142 'unhandled system error (run with NCCL_DEBUG=INFO for details)'
Failed, NCCL error src/gpu/AllReduceNCCL.cu:142 'unhandled system error (run with NCCL_DEBUG=INFO for details)'
Failed, NCCL error src/gpu/AllReduceNCCL.cu:142 'unhandled system error (run with NCCL_DEBUG=INFO for details)'
Failed, NCCL error src/gpu/AllReduceNCCL.cu:142 'unhandled system error (run with NCCL_DEBUG=INFO for details)'
Failed, NCCL error src/gpu/AllReduceNCCL.cu:142 'unhandled system error (run with NCCL_DEBUG=INFO for details)'
Failed, NCCL error src/gpu/AllReduceNCCL.cu:142 'unhandled system error (run with NCCL_DEBUG=INFO for details)'
Failed, NCCL error src/gpu/AllReduceNCCL.cu:142 'unhandled system error (run with NCCL_DEBUG=INFO for details)'
Failed, NCCL error src/gpu/AllReduceNCCL.cu:142 'unhandled system error (run with NCCL_DEBUG=INFO for details)'
Failed, NCCL error src/gpu/AllReduceNCCL.cu:142 'unhandled system error (run with NCCL_DEBUG=INFO for details)'
